CCAA,Provincia
Galicia,A Coruña
País Vasco,Álava
Castilla La Mancha,Albacete
Comunidad Valenciana,Alicante
Andalucía,Almería
País Vasco,Araba
Asturias,Asturias
Castilla y León,Ávila
Extremadura,Badajoz
Cataluña,Barcelona
País Vasco,Bizcaia
País Vasco,Bizkaia
Castilla y León,Burgos
Extremadura,Cáceres
Andalucía,Cádiz
Cantabria,Cantabria
Comunidad Valenciana,Castellón
Ceuta,Ceuta
Castilla La Mancha,Ciudad Real
Andalucía,Córdoba
Castilla La Mancha,Cuenca
Cataluña,Girona
Cataluña,Gerona
País Vasco,Gipuzkoa
Andalucía,Granada
Castilla La Mancha,Guadalajara
País Vasco,Guipúzcoa
Andalucía,Huelva
Aragón,Huesca
Islas Baleares,Baleares
Islas Baleares,Islas Baleares
Andalucía,Jaén
Galicia,La Coruña
La Rioja,La Rioja
Canarias,Las Palmas
Castilla y León,León
Cataluña,Lleida
Galicia,Lugo
Comunidad de Madrid,Madrid
Andalucía,Málaga
Melilla,Melilla
Región de Murcia,Murcia
Comunidad Foral de Navarra,Navarra
Galicia,Orense
Galicia,Ourense
Castilla y León,Palencia
Galicia,Pontevedra
Castilla y León,Salamanca
Canarias,Santa Cruz de Tenerife
Castilla y León,Segovia
Andalucía,Sevilla
Castilla y León,Soria
Cataluña,Tarragon
Cataluña,Tarragona
Aragón,Teruel
Castilla La Mancha,Toledo
Comunidad Valenciana,Valencia
Castilla y León,Valladolid
País Vasco,Vizcaya
Castilla y León,Zamora
Aragón,Zaragoza
